1,devesque0,roldam0@rakuten.co.jp,Call of Duty,PAQUETE
2,kgoodby1,rporson1@uol.com.br,Fortnite,DIOS
3,emackrell2,kdablin2@nytimes.com,Fortnite,REGULAR
4,stootin3,ltregiddo3@ca.gov,The Legend of Zelda,BUENO
5,rbrogan4,rjohnsson4@zdnet.com,League of Legends,REGULAR
6,ndibbs5,hhenrie5@friendfeed.com,Super Mario Bros,REGULAR
7,lkleinmann6,egoodhand6@google.ca,World of Warcraft,MALILLO
8,smcskin7,tspohrmann7@purevolume.com,Minecraft,REGULAR
9,tmaciaszek8,lboyle8@indiatimes.com,Minecraft,DIOS
10,wchittock9,bchattington9@weather.com,Fortnite,MÁQUINA
11,gpassya,amichellea@unc.edu,The Legend of Zelda,BUENO
12,mtowleb,meborallb@taobao.com,Fortnite,MALILLO
13,agirogettic,fwellsc@ted.com,League of Legends,NORMAL
14,kdequinceyd,ecunnowd@sphinn.com,Minecraft,DIOS
15,dventrise,bhegdonnee@businesswire.com,Super Mario Bros,REGULAR
16,jofenerf,igillisf@ehow.com,Overwatch,MALILLO
17,dbusselg,sordidgeg@earthlink.net,Minecraft,MÁQUINA
18,rmcgannonh,bwestphalh@sciencedirect.com,Super Mario Bros,REGULAR
19,ccockerelli,ejeyesi@huffingtonpost.com,World of Warcraft,DIOS
20,bprintj,vedkinsj@ehow.com,Super Mario Bros,MALILLO
21,mgraveneyk,amusellik@networkadvertising.org,Overwatch,BUENO
22,rscreatonl,jkwiekl@constantcontact.com,World of Warcraft,REGULAR
23,vfleckneym,esouleym@dion.ne.jp,League of Legends,NORMAL
24,zdevasn,eciccottinin@gizmodo.com,World of Warcraft,REGULAR
25,ccazaleto,dmeado@cam.ac.uk,Fortnite,NORMAL
26,vratnegep,adumphyp@narod.ru,Overwatch,MÁQUINA
27,rogavinq,rcolbournq@virginia.edu,Super Mario Bros,PAQUETE
28,kolivellor,tlevicountr@ebay.com,Overwatch,PAQUETE
29,lloudons,cbissexs@is.gd,Fortnite,DIOS
30,dainsleet,kwellingt@wufoo.com,Super Mario Bros,PAQUETE
31,blorimeru,orenzullou@reddit.com,World of Warcraft,REGULAR
32,kmagarrellv,bjessepv@patch.com,Call of Duty,REGULAR
33,bquarlessw,mpurdonw@tamu.edu,World of Warcraft,DIOS
34,ostovoldx,alatchfordx@mediafire.com,League of Legends,MALILLO
35,jaldersony,jcavety@free.fr,Overwatch,MALILLO
36,knapoliz,blowndesbroughz@japanpost.jp,Fortnite,NORMAL
37,tandrzejak10,jridder10@cdbaby.com,Fortnite,BUENO
38,tgraddon11,kdonaghie11@oakley.com,Overwatch,REGULAR
39,lriseley12,drontree12@stumbleupon.com,Super Mario Bros,DIOS
40,mpimlott13,hmathie13@ted.com,Fortnite,NORMAL
41,bhulatt14,djahn14@whitehouse.gov,The Legend of Zelda,REGULAR
42,afriedman15,cgandrich15@exblog.jp,World of Warcraft,PAQUETE
43,nhabbergham16,rallain16@w3.org,Minecraft,MÁQUINA
44,mbernette17,lgettone17@amazon.de,The Legend of Zelda,NORMAL
45,ljakubiak18,vcaveau18@squarespace.com,Overwatch,DIOS
46,chalsho19,gsharply19@princeton.edu,League of Legends,BUENO
47,athalmann1a,lpero1a@fda.gov,Call of Duty,DIOS
48,mbaroc1b,wrapsey1b@reuters.com,Super Mario Bros,DIOS
49,gbeurich1c,mlamke1c@amazon.co.jp,Call of Duty,NORMAL
50,mdomegan1d,rrait1d@dedecms.com,League of Legends,MALILLO
51,dcourtier1e,clebrun1e@noaa.gov,Super Mario Bros,MÁQUINA
52,lsilverstone1f,hrosellini1f@boston.com,World of Warcraft,REGULAR
53,unoton1g,fcranefield1g@chronoengine.com,World of Warcraft,NORMAL
54,krubes1h,ldavidesco1h@ihg.com,Super Mario Bros,MÁQUINA
55,ecurness1i,ndumphrey1i@lulu.com,Fortnite,PAQUETE
56,fakerman1j,stunuy1j@amazonaws.com,Super Mario Bros,NORMAL
57,aclaque1k,pcamacho1k@homestead.com,League of Legends,MÁQUINA
58,bkitchener1l,wbrusby1l@soundcloud.com,Overwatch,DIOS
59,bcursey1m,jhamshere1m@phoca.cz,Super Mario Bros,REGULAR
60,bmaccostye1n,rvolant1n@about.com,Super Mario Bros,DIOS
61,afancet1o,nmiddlebrook1o@meetup.com,Overwatch,DIOS
62,rherculson1p,ereilinger1p@ucoz.ru,League of Legends,NORMAL
63,mbisterfeld1q,mhatherleigh1q@360.cn,Fortnite,MALILLO
64,fbathoe1r,rreef1r@ca.gov,World of Warcraft,MÁQUINA
65,lsherwyn1s,dsheasby1s@dmoz.org,Call of Duty,MÁQUINA
66,epresnell1t,ablint1t@soundcloud.com,Minecraft,PAQUETE
67,kmiere1u,npolland1u@cargocollective.com,Call of Duty,PAQUETE
68,fcorten1v,gholworth1v@apple.com,Call of Duty,MALILLO
69,gdowyer1w,btrumper1w@soup.io,Call of Duty,DIOS
70,cborman1x,bcolegate1x@theguardian.com,World of Warcraft,PAQUETE
71,bjereatt1y,lmacascaidh1y@nytimes.com,Fortnite,NORMAL
72,dcaro1z,cbrandsma1z@odnoklassniki.ru,World of Warcraft,MÁQUINA
73,ddidball20,gkrelle20@cbsnews.com,Call of Duty,PAQUETE
74,lpretor21,loram21@trellian.com,Super Mario Bros,BUENO
75,ktesche22,gcapstake22@slashdot.org,World of Warcraft,REGULAR
76,omccullock23,dbucknell23@printfriendly.com,The Legend of Zelda,REGULAR
77,rwaplington24,aedgars24@so-net.ne.jp,Overwatch,PAQUETE
78,sgabb25,mstoller25@netscape.com,Super Mario Bros,BUENO
79,amoon26,gkellegher26@example.com,The Legend of Zelda,MÁQUINA
80,smuehle27,cmurray27@ed.gov,Call of Duty,BUENO
81,dvernazza28,djehan28@theatlantic.com,The Legend of Zelda,DIOS
82,gsnoad29,cmoncur29@feedburner.com,Overwatch,NORMAL
83,dgreig2a,kwallentin2a@miibeian.gov.cn,Call of Duty,MALILLO
84,aalelsandrowicz2b,jalkin2b@tamu.edu,Minecraft,BUENO
85,imaccheyne2c,cduckinfield2c@hao123.com,Super Mario Bros,PAQUETE
86,wcollabine2d,lshorto2d@unblog.fr,Overwatch,DIOS
87,cdebling2e,rcolville2e@hc360.com,Call of Duty,PAQUETE
88,rallison2f,ecampe2f@blogspot.com,Fortnite,NORMAL
89,tconey2g,bstean2g@instagram.com,World of Warcraft,DIOS
90,mseeks2h,ckenwood2h@lulu.com,Overwatch,MÁQUINA
91,amcguane2i,alockley2i@shareasale.com,Minecraft,MALILLO
92,svandenvelde2j,pforre2j@bloglovin.com,Overwatch,MALILLO
93,ebruckental2k,dhartgill2k@spotify.com,League of Legends,NORMAL
94,lroxbrough2l,emournian2l@icio.us,League of Legends,PAQUETE
95,bsymper2m,utitlow2m@cdc.gov,League of Legends,PAQUETE
96,kwaring2n,bthresh2n@answers.com,Minecraft,NORMAL
97,aasaaf2o,fbanaszczyk2o@businesswire.com,The Legend of Zelda,BUENO
98,cgodspede2p,lfearnley2p@freewebs.com,Call of Duty,MÁQUINA
99,akinvan2q,vmoan2q@cnn.com,World of Warcraft,MÁQUINA
100,egodson2r,roldroyde2r@mapquest.com,League of Legends,MÁQUINA
101,mvidean2s,kcoulston2s@theguardian.com,Fortnite,MALILLO
102,astallworth2t,rusmar2t@flavors.me,Call of Duty,MALILLO
103,ddear2u,mgoodbur2u@github.io,Super Mario Bros,REGULAR
104,cbillows2v,wmcarthur2v@nytimes.com,Minecraft,DIOS
105,gcastilla2w,ucastilljo2w@nydailynews.com,League of Legends,NORMAL
106,edobbinson2x,lsextie2x@yandex.ru,Minecraft,MALILLO
107,bdust2y,gmcgahey2y@google.cn,Overwatch,BUENO
108,jfairholme2z,svaudrey2z@topsy.com,League of Legends,REGULAR
109,amacbey30,jsharman30@feedburner.com,Call of Duty,NORMAL
110,lwasiel31,ssteane31@smh.com.au,The Legend of Zelda,BUENO
111,tfraczak32,pmaureen32@wix.com,Minecraft,NORMAL
112,bketteringham33,vadam33@oaic.gov.au,Call of Duty,MALILLO
113,thubbis34,aspieck34@netscape.com,World of Warcraft,MÁQUINA
114,emcquaid35,gbollard35@hatena.ne.jp,World of Warcraft,MALILLO
115,dpeatman36,slegat36@pinterest.com,Fortnite,DIOS
116,dsnodin37,dpoynton37@intel.com,Minecraft,MÁQUINA
117,ccutteridge38,tmccromley38@edublogs.org,Call of Duty,DIOS
118,droughsedge39,nalloisi39@nyu.edu,Call of Duty,NORMAL
119,gmayfield3a,tomoylan3a@statcounter.com,Minecraft,MALILLO
120,cprowse3b,nstevani3b@issuu.com,World of Warcraft,DIOS
121,jcastrillo3c,tbritee3c@issuu.com,Minecraft,NORMAL
122,hspeight3d,hyelding3d@furl.net,World of Warcraft,MALILLO
123,oblackburne3e,ngreatrakes3e@flavors.me,The Legend of Zelda,DIOS
124,bsorrill3f,alynock3f@spotify.com,Super Mario Bros,REGULAR
125,tkensit3g,eroughey3g@yahoo.com,The Legend of Zelda,BUENO
126,aswinburn3h,tlittley3h@usnews.com,The Legend of Zelda,MALILLO
127,ddomokos3i,bnoen3i@dot.gov,Super Mario Bros,DIOS
128,btunnacliffe3j,yeyckel3j@google.pl,League of Legends,NORMAL
129,bjanouch3k,ufranzelini3k@newsvine.com,The Legend of Zelda,DIOS
130,pbirchner3l,kseneschal3l@51.la,Overwatch,DIOS
131,agullivan3m,mhaton3m@va.gov,Super Mario Bros,MALILLO
132,gkennerley3n,afeatley3n@google.com,Call of Duty,MALILLO
133,lislep3o,kcockerham3o@multiply.com,World of Warcraft,REGULAR
134,fbeswick3p,fchadwen3p@comcast.net,Overwatch,DIOS
135,ecaslett3q,ngarvie3q@accuweather.com,World of Warcraft,BUENO
136,keggins3r,bmourge3r@ft.com,Fortnite,PAQUETE
137,bbartod3s,tkenforth3s@youku.com,Overwatch,REGULAR
138,akingsford3t,dannwyl3t@ucoz.com,Call of Duty,PAQUETE
139,abarzen3u,gjahn3u@tripod.com,Super Mario Bros,NORMAL
140,hbottinelli3v,rmckee3v@amazonaws.com,Call of Duty,MÁQUINA
141,mgateley3w,aloram3w@latimes.com,The Legend of Zelda,PAQUETE
142,cklassman3x,lcattanach3x@themeforest.net,Super Mario Bros,MÁQUINA
143,rfoskin3y,inibley3y@deviantart.com,Minecraft,NORMAL
144,vlighton3z,kgarratty3z@blog.com,League of Legends,MALILLO
145,kmccuaig40,jdowding40@constantcontact.com,Super Mario Bros,MÁQUINA
146,rwemm41,mmackereth41@guardian.co.uk,World of Warcraft,PAQUETE
147,utolworthy42,cgyorffy42@sbwire.com,Fortnite,PAQUETE
148,jfitzharris43,fbutterfint43@timesonline.co.uk,World of Warcraft,NORMAL
149,fdoidge44,bleindecker44@shareasale.com,World of Warcraft,MALILLO
150,lspiring45,wdunsire45@desdev.cn,League of Legends,MÁQUINA
151,asyer46,nmartyns46@goo.ne.jp,Overwatch,PAQUETE
152,bcampsall47,gyoung47@example.com,Minecraft,MÁQUINA
153,lstocks48,jlotze48@vk.com,Call of Duty,REGULAR
154,ipenquet49,mspringtorpe49@dailymail.co.uk,World of Warcraft,PAQUETE
155,aedgson4a,erowlands4a@vistaprint.com,Fortnite,DIOS
156,rjaneway4b,blovatt4b@zdnet.com,Minecraft,REGULAR
157,nmcphate4c,mmonger4c@oakley.com,Fortnite,DIOS
158,kholstein4d,dgiamitti4d@businessweek.com,Minecraft,MÁQUINA
159,syate4e,lbisseker4e@washington.edu,Overwatch,MALILLO
160,cnewey4f,cgioan4f@bigcartel.com,Overwatch,PAQUETE
161,sheald4g,nmarson4g@zdnet.com,The Legend of Zelda,DIOS
162,mboutflour4h,lwilgar4h@facebook.com,Minecraft,MALILLO
163,tstockle4i,jesson4i@about.me,Call of Duty,PAQUETE
164,acornewell4j,droggeman4j@people.com.cn,Fortnite,NORMAL
165,acausier4k,bcastanyer4k@ftc.gov,Call of Duty,REGULAR
166,abeckworth4l,epeaddie4l@wordpress.com,Super Mario Bros,NORMAL
167,osumpner4m,ccraigheid4m@amazon.co.uk,Super Mario Bros,DIOS
168,egumbley4n,tberggren4n@google.co.jp,Fortnite,REGULAR
169,akalvin4o,fjakoubec4o@bbc.co.uk,Super Mario Bros,NORMAL
170,jpollastro4p,bboyfield4p@simplemachines.org,The Legend of Zelda,NORMAL
171,cdoward4q,rshirt4q@eventbrite.com,League of Legends,MALILLO
172,ahamblen4r,fstanion4r@last.fm,Super Mario Bros,BUENO
173,tnoweak4s,fdeath4s@columbia.edu,The Legend of Zelda,NORMAL
174,kkirkbright4t,aavramovsky4t@scientificamerican.com,World of Warcraft,REGULAR
175,apates4u,bperris4u@redcross.org,Minecraft,PAQUETE
176,pbreeds4v,jgrigoliis4v@cnet.com,League of Legends,REGULAR
177,ppedrocchi4w,jfree4w@studiopress.com,The Legend of Zelda,BUENO
178,asouthby4x,mepperson4x@usa.gov,Fortnite,NORMAL
179,cdick4y,freynard4y@phpbb.com,League of Legends,PAQUETE
180,nsmerdon4z,amicallef4z@sitemeter.com,Super Mario Bros,REGULAR
181,aoneil50,jgainsburgh50@edublogs.org,Fortnite,REGULAR
182,bcaccavari51,sdikles51@squidoo.com,World of Warcraft,DIOS
183,kberk52,dchessell52@hhs.gov,The Legend of Zelda,MALILLO
184,bspencer53,broj53@theatlantic.com,Call of Duty,MALILLO
185,aavis54,sjovic54@globo.com,World of Warcraft,MALILLO
186,rbeamson55,tabramowsky55@symantec.com,Fortnite,DIOS
187,mfarman56,smcanalley56@ovh.net,Super Mario Bros,BUENO
188,ctriplett57,mmccrainor57@about.com,League of Legends,NORMAL
189,xcradey58,rstroobant58@irs.gov,Overwatch,BUENO
190,pthorns59,cbendan59@un.org,League of Legends,REGULAR
191,cbaverstock5a,wtreslove5a@sourceforge.net,Call of Duty,PAQUETE
192,wbunney5b,dvlasenko5b@bloglines.com,Call of Duty,NORMAL
193,ssherwin5c,zreddihough5c@timesonline.co.uk,Fortnite,MÁQUINA
194,lpadginton5d,dwhitefoot5d@sbwire.com,World of Warcraft,PAQUETE
195,kvidler5e,oboshere5e@phoca.cz,Fortnite,MÁQUINA
196,kdelacour5f,dpinyon5f@opera.com,Super Mario Bros,NORMAL
197,bbeauman5g,rhagland5g@ihg.com,World of Warcraft,BUENO
198,fdast5h,sminet5h@si.edu,Call of Duty,MALILLO
199,spercival5i,owisker5i@dell.com,Fortnite,MALILLO
200,egornal5j,rfeavearyear5j@tamu.edu,Overwatch,NORMAL
201,pgannan5k,dwride5k@webnode.com,The Legend of Zelda,REGULAR
202,nskill5l,mlowrance5l@house.gov,Fortnite,MALILLO
203,csterrie5m,smakin5m@ask.com,Fortnite,DIOS
204,hsmythe5n,ajuza5n@reuters.com,Fortnite,REGULAR
205,dfulkes5o,jfaustin5o@mozilla.com,Fortnite,DIOS
206,ajorry5p,sgebb5p@godaddy.com,Super Mario Bros,DIOS
207,dbacop5q,rwallbridge5q@salon.com,The Legend of Zelda,DIOS
208,jclayfield5r,ggoodspeed5r@yelp.com,Minecraft,BUENO
209,ppakenham5s,jcoltart5s@geocities.jp,Super Mario Bros,REGULAR
210,pzini5t,cfentem5t@123-reg.co.uk,Fortnite,NORMAL
211,frizzini5u,rrojas5u@nationalgeographic.com,Overwatch,BUENO
212,vpottinger5v,wsearsby5v@csmonitor.com,Overwatch,MALILLO
213,sdunstone5w,sdonnell5w@fc2.com,Fortnite,DIOS
214,lsimenot5x,msansbury5x@wufoo.com,Call of Duty,NORMAL
215,tvarah5y,nfulton5y@narod.ru,Call of Duty,NORMAL
216,spiatkowski5z,gbousfield5z@usgs.gov,Call of Duty,DIOS
217,wocarmody60,ggadie60@51.la,Overwatch,DIOS
218,jhardwin61,mleagas61@dell.com,The Legend of Zelda,REGULAR
219,acamden62,lgreasty62@digg.com,League of Legends,NORMAL
220,lbrecher63,ajira63@army.mil,Fortnite,BUENO
221,mhrishanok64,otaill64@list-manage.com,Super Mario Bros,MÁQUINA
222,rfretson65,obausor65@nps.gov,Minecraft,PAQUETE
223,kkilminster66,myaus66@npr.org,Fortnite,MALILLO
224,ebeak67,lsondon67@unicef.org,League of Legends,PAQUETE
225,rgoodnow68,mmileham68@illinois.edu,The Legend of Zelda,BUENO
226,kdruce69,kdowner69@a8.net,Minecraft,REGULAR
227,lsomerled6a,maldcorne6a@ft.com,The Legend of Zelda,BUENO
228,dmcart6b,gmordin6b@drupal.org,World of Warcraft,NORMAL
229,mravillas6c,cabbett6c@japanpost.jp,World of Warcraft,REGULAR
230,hspeirs6d,gseer6d@comsenz.com,Call of Duty,DIOS
231,ireeken6e,lmumbeson6e@umn.edu,Overwatch,MÁQUINA
232,cfihelly6f,cpenke6f@lycos.com,League of Legends,BUENO
233,sworge6g,scornborough6g@pinterest.com,Fortnite,PAQUETE
234,tseegar6h,ntonge6h@weebly.com,Super Mario Bros,PAQUETE
235,lbedward6i,hmitkin6i@europa.eu,Overwatch,BUENO
236,hsigge6j,jformie6j@zdnet.com,League of Legends,NORMAL
237,kstrother6k,bmedhurst6k@japanpost.jp,Super Mario Bros,MALILLO
238,ftompkiss6l,hbeaufoy6l@wikipedia.org,The Legend of Zelda,DIOS
239,jbexon6m,mmabb6m@ehow.com,Super Mario Bros,REGULAR
240,jgregs6n,kscranedge6n@bravesites.com,Super Mario Bros,MÁQUINA
241,kattyeo6o,swillgoose6o@over-blog.com,Super Mario Bros,REGULAR
242,ekarppi6p,sgimblett6p@aboutads.info,World of Warcraft,MÁQUINA
243,daxel6q,emintoff6q@imageshack.us,The Legend of Zelda,BUENO
244,gnatt6r,gdumbare6r@usda.gov,Overwatch,NORMAL
245,cjudkin6s,vginman6s@stumbleupon.com,Overwatch,DIOS
246,abourthouloume6t,baspall6t@mozilla.org,The Legend of Zelda,DIOS
247,ebrennan6u,vthunderman6u@hp.com,League of Legends,REGULAR
248,dtemperley6v,vmynett6v@nih.gov,The Legend of Zelda,MÁQUINA
249,lspeares6w,awakes6w@adobe.com,Fortnite,PAQUETE
250,kbann6x,hpoznan6x@wikispaces.com,Overwatch,NORMAL
251,cmalser6y,bmcinulty6y@ask.com,Minecraft,DIOS
252,erainer6z,mvolks6z@blog.com,World of Warcraft,BUENO
253,tkennally70,dcregg70@mayoclinic.com,Minecraft,DIOS
254,mhasson71,rblindermann71@princeton.edu,Overwatch,BUENO
255,champer72,cdorber72@opera.com,Super Mario Bros,NORMAL
256,ebrightman73,aolivetti73@bbb.org,Fortnite,MALILLO
257,cdimberline74,ewhitchurch74@google.nl,Call of Duty,DIOS
258,jkennan75,emarushak75@mayoclinic.com,World of Warcraft,BUENO
259,awhistan76,abruinemann76@wordpress.org,The Legend of Zelda,REGULAR
260,aheinert77,lferrieres77@ox.ac.uk,League of Legends,NORMAL
261,owhetson78,agrammer78@blogger.com,The Legend of Zelda,PAQUETE
262,bbadman79,cpearcehouse79@imgur.com,The Legend of Zelda,MALILLO
263,lofallone7a,etynan7a@about.com,Minecraft,DIOS
264,tpaulton7b,jlamba7b@intel.com,Call of Duty,BUENO
265,wottosen7c,ialexsandrovich7c@blogspot.com,Fortnite,BUENO
266,tgiriardelli7d,ameade7d@ftc.gov,Super Mario Bros,NORMAL
267,pbygrave7e,rglasspoole7e@auda.org.au,Minecraft,MÁQUINA
268,rmemory7f,etomczykiewicz7f@cnet.com,The Legend of Zelda,NORMAL
269,apieper7g,wwitcombe7g@elegantthemes.com,Fortnite,BUENO
270,dsibbons7h,idury7h@pbs.org,Super Mario Bros,BUENO
271,glowry7i,cgoodwell7i@washington.edu,Overwatch,PAQUETE
272,alabrenz7j,mmingey7j@blogspot.com,The Legend of Zelda,DIOS
273,ytomczak7k,shinzer7k@bloomberg.com,Overwatch,DIOS
274,bhammett7l,mfoxcroft7l@prlog.org,Overwatch,NORMAL
275,kshildrick7m,wberlin7m@arstechnica.com,League of Legends,MÁQUINA
276,aneal7n,capplegate7n@mashable.com,Fortnite,PAQUETE
277,wdiggins7o,fmallam7o@nifty.com,Call of Duty,MALILLO
278,kdhennin7p,pknath7p@tiny.cc,Super Mario Bros,REGULAR
279,mmagrannell7q,wmazonowicz7q@comsenz.com,Fortnite,MALILLO
280,rpaternoster7r,zgalgey7r@usgs.gov,World of Warcraft,REGULAR
281,dholleran7s,sgainfort7s@toplist.cz,Overwatch,DIOS
282,sjann7t,sryland7t@army.mil,The Legend of Zelda,PAQUETE
283,gvany7u,wlygo7u@ocn.ne.jp,Minecraft,REGULAR
284,cgrossman7v,icassells7v@seattletimes.com,Minecraft,BUENO
285,chum7w,gdaffern7w@theatlantic.com,Minecraft,MÁQUINA
286,hraftery7x,fcolhoun7x@g.co,League of Legends,NORMAL
287,rmaidment7y,wnettleship7y@usnews.com,Overwatch,MÁQUINA
288,zflageul7z,dburnes7z@about.me,Super Mario Bros,PAQUETE
289,mamyes80,hschuler80@artisteer.com,League of Legends,BUENO
290,gketchen81,mpopplestone81@alibaba.com,World of Warcraft,MÁQUINA
291,sgarz82,mcrocroft82@angelfire.com,The Legend of Zelda,PAQUETE
292,mbrabender83,aelkins83@eepurl.com,Super Mario Bros,PAQUETE
293,wlansly84,aarnaldi84@shop-pro.jp,Super Mario Bros,NORMAL
294,dbrownsmith85,clawling85@zimbio.com,Fortnite,DIOS
295,ldoucette86,mbonwell86@ocn.ne.jp,Call of Duty,DIOS
296,skynett87,bfryett87@independent.co.uk,The Legend of Zelda,MÁQUINA
297,glenney88,eallanby88@nasa.gov,Overwatch,BUENO
298,djorez89,kbrokenshaw89@msn.com,The Legend of Zelda,MÁQUINA
299,rleeman8a,rcomellini8a@blog.com,Fortnite,BUENO
300,amoulds8b,tgreger8b@bing.com,League of Legends,NORMAL
301,lleupoldt8c,dmcquaid8c@diigo.com,Call of Duty,MÁQUINA
302,kyetman8d,taddekin8d@123-reg.co.uk,The Legend of Zelda,DIOS
303,atunnoch8e,arubinowitsch8e@plala.or.jp,League of Legends,DIOS
304,gguerreau8f,lsemrad8f@sitemeter.com,Super Mario Bros,DIOS
305,gescudier8g,jpratten8g@loc.gov,Fortnite,DIOS
306,pborland8h,tgrabeham8h@archive.org,Minecraft,PAQUETE
307,ddemendoza8i,ndoddridge8i@biblegateway.com,Minecraft,NORMAL
308,jwilshere8j,cfilippo8j@shutterfly.com,Minecraft,REGULAR
309,tfullom8k,ilowdham8k@msu.edu,Overwatch,NORMAL
310,blangston8l,mlabba8l@stanford.edu,Fortnite,MÁQUINA
311,jsand8m,gskelcher8m@reddit.com,Minecraft,REGULAR
312,rstonefewings8n,rconkay8n@rakuten.co.jp,Minecraft,NORMAL
313,rgreest8o,estrewther8o@boston.com,Overwatch,DIOS
314,dhalston8p,srodrigues8p@nps.gov,Call of Duty,MÁQUINA
315,cbrouncker8q,emccloughen8q@blogtalkradio.com,Fortnite,PAQUETE
316,lhancell8r,agerdes8r@yandex.ru,Fortnite,DIOS
317,alopes8s,pritelli8s@wp.com,Super Mario Bros,PAQUETE
318,paggus8t,ljordine8t@plala.or.jp,The Legend of Zelda,NORMAL
319,egosney8u,jzaczek8u@fotki.com,Fortnite,PAQUETE
320,redmand8v,dwinchurch8v@home.pl,Minecraft,REGULAR
321,sgiblin8w,bcallan8w@mozilla.com,The Legend of Zelda,NORMAL
322,ibasezzi8x,etink8x@illinois.edu,Fortnite,MALILLO
323,bmontague8y,rbraidwood8y@bloomberg.com,Overwatch,PAQUETE
324,pmoneti8z,afryett8z@telegraph.co.uk,Call of Duty,MALILLO
325,rdunphie90,gmerrin90@newyorker.com,League of Legends,PAQUETE
326,kfrandsen91,lnabarro91@apple.com,Minecraft,BUENO
327,dmaybery92,tbrisson92@slashdot.org,Call of Duty,MALILLO
328,soak93,ereyson93@home.pl,League of Legends,MALILLO
329,sscadden94,abeacon94@e-recht24.de,The Legend of Zelda,PAQUETE
330,kyanin95,jelsip95@ow.ly,Super Mario Bros,MÁQUINA
331,mtothacot96,vhinchshaw96@reverbnation.com,League of Legends,REGULAR
332,sroelvink97,awinfield97@phpbb.com,Minecraft,BUENO
333,cshemwell98,kmacura98@amazon.com,The Legend of Zelda,PAQUETE
334,cblodgetts99,kcroson99@prnewswire.com,Fortnite,PAQUETE
335,gemney9a,cganning9a@soundcloud.com,Fortnite,PAQUETE
336,gpenniall9b,fsyder9b@sourceforge.net,Minecraft,DIOS
337,fdelmonte9c,dmcdoual9c@weibo.com,World of Warcraft,NORMAL
338,bbirch9d,dkuhnert9d@slideshare.net,Fortnite,BUENO
339,zshepheard9e,sbrayley9e@craigslist.org,Super Mario Bros,DIOS
340,aalfonzo9f,lcolrein9f@google.cn,Super Mario Bros,DIOS
341,jyakubowicz9g,egarfath9g@etsy.com,Minecraft,MÁQUINA
342,amileham9h,ksmithson9h@sbwire.com,Overwatch,MALILLO
343,acornu9i,mmettetal9i@oaic.gov.au,Super Mario Bros,MALILLO
344,iscales9j,epotier9j@geocities.com,League of Legends,BUENO
345,ccordeiro9k,mridel9k@usnews.com,Overwatch,NORMAL
346,jchamberlaine9l,ahammerton9l@dailymail.co.uk,Call of Duty,MALILLO
347,tflatt9m,habsolom9m@economist.com,Fortnite,REGULAR
348,hsteuart9n,cmousby9n@netscape.com,Overwatch,NORMAL
349,cgoomes9o,iharkus9o@disqus.com,League of Legends,MÁQUINA
350,kcavaney9p,jgrishunin9p@unc.edu,Overwatch,MÁQUINA
351,tabell9q,aburwood9q@pinterest.com,Call of Duty,DIOS
352,afalco9r,tpietrasik9r@ameblo.jp,World of Warcraft,MALILLO
353,kgooderson9s,fseager9s@gnu.org,The Legend of Zelda,MÁQUINA
354,kkurtis9t,rmacari9t@devhub.com,League of Legends,DIOS
355,ahuster9u,afontanet9u@kickstarter.com,The Legend of Zelda,NORMAL
356,pdaniaud9v,bbelfitt9v@vistaprint.com,Overwatch,MÁQUINA
357,gwillett9w,ffulk9w@furl.net,The Legend of Zelda,MÁQUINA
358,pmale9x,amcilveen9x@usnews.com,World of Warcraft,MALILLO
359,wmomford9y,dperch9y@163.com,Minecraft,PAQUETE
360,nglinde9z,zdenacamp9z@webeden.co.uk,Super Mario Bros,PAQUETE
361,cvanderbruga0,gcurgenuera0@trellian.com,Fortnite,PAQUETE
362,lzanioloa1,wpenellaa1@weebly.com,Call of Duty,MÁQUINA
363,bbearcrofta2,meadmeadesa2@sogou.com,The Legend of Zelda,DIOS
364,mrosenbluma3,icowperthwaitea3@google.co.uk,Call of Duty,REGULAR
365,apentecosta4,lsterriea4@live.com,League of Legends,PAQUETE
366,cleelea5,rmccreea5@webnode.com,Fortnite,BUENO
367,kardlinga6,cdownera6@weather.com,The Legend of Zelda,MÁQUINA
368,wstreetsa7,ksapseeda7@lycos.com,Call of Duty,DIOS
369,eclementuccia8,asamsa8@dell.com,Super Mario Bros,REGULAR
370,reilera9,kbillsona9@webnode.com,Super Mario Bros,NORMAL
371,cbasfordaa,pcayseraa@auda.org.au,Minecraft,BUENO
372,nmuldownieab,jbragerab@europa.eu,Fortnite,NORMAL
373,hpascoeac,efeehilyac@merriam-webster.com,Super Mario Bros,NORMAL
374,hstrikerad,hbanglead@mozilla.com,League of Legends,MÁQUINA
375,lclemensonae,nfussieae@drupal.org,Fortnite,REGULAR
376,yhanrettyaf,ahunnamaf@ning.com,The Legend of Zelda,DIOS
377,sperazzoag,dsedmanag@slashdot.org,Fortnite,NORMAL
378,pmaundersah,cfernihoughah@nba.com,Fortnite,DIOS
379,dverzeyai,jyorstonai@bbb.org,The Legend of Zelda,MÁQUINA
380,btubbaj,gsinnataj@webmd.com,The Legend of Zelda,DIOS
381,mgollopak,ekobierieckiak@mapy.cz,Super Mario Bros,MÁQUINA
382,akarbyal,ddowal@naver.com,World of Warcraft,REGULAR
383,rstubsam,atimmisam@foxnews.com,The Legend of Zelda,NORMAL
384,pvaskovan,rbatemanan@ycombinator.com,World of Warcraft,MALILLO
385,llapishao,tblaisdellao@imdb.com,Minecraft,MALILLO
386,cchuckap,rhannonap@yahoo.com,Minecraft,DIOS
387,jmacgibbonaq,kdisdelaq@pinterest.com,The Legend of Zelda,PAQUETE
388,shatherallar,jalanar@nsw.gov.au,The Legend of Zelda,PAQUETE
389,mkilloranas,ofullerloveas@yelp.com,The Legend of Zelda,PAQUETE
390,rdunsat,apennellsat@webs.com,League of Legends,NORMAL
391,sneathwayau,jgoldfinchau@youku.com,Minecraft,PAQUETE
392,bwiltshierav,gsailsav@indiegogo.com,World of Warcraft,NORMAL
393,afrancescozziaw,sdoogaw@adobe.com,World of Warcraft,DIOS
394,bleucharsax,llissemoreax@wikimedia.org,World of Warcraft,DIOS
395,mbarnsonay,sscritchay@wix.com,Overwatch,BUENO
396,aludgroveaz,mairtonaz@list-manage.com,Minecraft,NORMAL
397,acarrenb0,thuggettb0@clickbank.net,Fortnite,MALILLO
398,kdollinb1,ghansanab1@imageshack.us,Overwatch,PAQUETE
399,mmomeryb2,tloderb2@disqus.com,The Legend of Zelda,MALILLO
400,sproschkeb3,ppickettb3@alibaba.com,Fortnite,BUENO
401,aperkinsonb4,dblanketb4@ustream.tv,Minecraft,NORMAL
402,jtinghillb5,bgarlingb5@umich.edu,Fortnite,MÁQUINA
403,mgreenstockb6,nmarrisb6@elegantthemes.com,Fortnite,MALILLO
404,kpaintainb7,honthankb7@posterous.com,League of Legends,REGULAR
405,lluthwoodb8,amaundersb8@princeton.edu,Call of Duty,BUENO
406,hnorthenb9,rreddellb9@furl.net,World of Warcraft,PAQUETE
407,wquinaneba,hkynvinba@google.com.br,Super Mario Bros,NORMAL
408,ntoynbeebb,kpaulsbb@wikimedia.org,League of Legends,MALILLO
409,lgommerybc,cdalemanbc@cnet.com,Call of Duty,MÁQUINA
410,emcskinbd,aanthonsenbd@timesonline.co.uk,The Legend of Zelda,MÁQUINA
411,aubeebe,pbrunonebe@friendfeed.com,Super Mario Bros,REGULAR
412,rpolycotebf,lweldrickbf@4shared.com,Super Mario Bros,MALILLO
413,dtutebg,kreimerbg@diigo.com,World of Warcraft,NORMAL
414,agadmanbh,schastanbh@biblegateway.com,Overwatch,MÁQUINA
415,jlorrainbi,myitshakbi@shutterfly.com,League of Legends,MÁQUINA
416,dwilcocksbj,cdowdneybj@example.com,Minecraft,MALILLO
417,ggyvesbk,zmacvicarbk@unesco.org,Call of Duty,NORMAL
418,sfendlowbl,alebrumbl@adobe.com,Super Mario Bros,REGULAR
419,lwardlowbm,mdebruijnbm@histats.com,League of Legends,DIOS
420,rrubibn,pvaliantbn@hud.gov,Super Mario Bros,NORMAL
421,vmordybo,smccullochbo@opera.com,Call of Duty,DIOS
422,kyearnsbp,ispurbp@theatlantic.com,Call of Duty,PAQUETE
423,vlymanbq,sbrazelbq@creativecommons.org,The Legend of Zelda,REGULAR
424,dharlowbr,gcattobr@mlb.com,Overwatch,REGULAR
425,dklehnbs,rhowsegobs@merriam-webster.com,Minecraft,NORMAL
426,vchomickibt,tgandersbt@omniture.com,Overwatch,NORMAL
427,azelleybu,esatterlybu@feedburner.com,The Legend of Zelda,DIOS
428,ccasarolibv,fsiemonbv@barnesandnoble.com,Overwatch,REGULAR
429,rproschbw,mnelliganbw@scientificamerican.com,Fortnite,BUENO
430,rnajerabx,lorcasbx@gnu.org,Super Mario Bros,PAQUETE
431,sculyby,lsiggsby@goodreads.com,World of Warcraft,PAQUETE
432,rrashleighbz,ibarradellbz@ehow.com,Call of Duty,MÁQUINA
433,ljoyesc0,nlicciardielloc0@eventbrite.com,The Legend of Zelda,REGULAR
434,elapennac1,mgallantc1@people.com.cn,League of Legends,MÁQUINA
435,cpaydonc2,mlomondc2@columbia.edu,Overwatch,REGULAR
436,mphilpinc3,cgilliverc3@unesco.org,World of Warcraft,DIOS
437,ncymperc4,bbolgarc4@gravatar.com,Call of Duty,MALILLO
438,mfirpic5,fdeeblec5@miitbeian.gov.cn,Minecraft,DIOS
439,jhutchesonc6,trameauc6@blinklist.com,League of Legends,DIOS
440,lbottrillc7,mstopsc7@bandcamp.com,Fortnite,REGULAR
441,wlassenc8,hbantonc8@hibu.com,Super Mario Bros,BUENO
442,rdessaurc9,asprowlec9@smh.com.au,Overwatch,BUENO
443,egreenleesca,acatlowca@apache.org,League of Legends,REGULAR
444,skopeccb,sromainecb@t-online.de,League of Legends,REGULAR
445,ddorseycc,hbolderoecc@digg.com,Super Mario Bros,NORMAL
446,esimeonovcd,hhargeycd@princeton.edu,World of Warcraft,REGULAR
447,jfilipychevce,dscholefieldce@domainmarket.com,Overwatch,NORMAL
448,tteeneycf,etuleycf@google.ru,World of Warcraft,REGULAR
449,lslogravecg,nsmowtoncg@list-manage.com,Fortnite,BUENO
450,sshererch,moverlandch@dion.ne.jp,Overwatch,MALILLO
451,rcelloneci,bpittemci@dagondesign.com,The Legend of Zelda,PAQUETE
452,bmuffittcj,hpirtcj@ted.com,Super Mario Bros,PAQUETE
453,iellseck,pburtonshawck@forbes.com,World of Warcraft,REGULAR
454,wspradberycl,mliebrechtcl@illinois.edu,League of Legends,NORMAL
455,ehandcm,dgrisbrookcm@stumbleupon.com,Super Mario Bros,PAQUETE
456,lrisomcn,kbordonecn@gravatar.com,World of Warcraft,PAQUETE
457,ehanmerco,koverellco@nytimes.com,Overwatch,REGULAR
458,awinmancp,mhanningcp@timesonline.co.uk,The Legend of Zelda,BUENO
459,kdykascq,kmaudlincq@symantec.com,Call of Duty,BUENO
460,gaskhamcr,atargettcr@gmpg.org,World of Warcraft,MÁQUINA
461,blearmancs,afalcuscs@nydailynews.com,World of Warcraft,NORMAL
462,sfitzmauricect,hdiruggieroct@rediff.com,Call of Duty,MÁQUINA
463,rgartincu,ebrunoncu@harvard.edu,Fortnite,BUENO
464,anatoncv,mkoenecv@alexa.com,World of Warcraft,REGULAR
465,bfarrimondcw,lhazeleycw@dropbox.com,Call of Duty,MÁQUINA
466,vmathescx,nfromontcx@omniture.com,Fortnite,NORMAL
467,sbissillcy,lmettrickecy@aboutads.info,Overwatch,MALILLO
468,mgoodsalcz,pcrosselandcz@cisco.com,Call of Duty,MÁQUINA
469,sskelliond0,jmougeld0@microsoft.com,Call of Duty,BUENO
470,ptousyd1,ereddochd1@ifeng.com,World of Warcraft,MALILLO
471,bdeighand2,afayd2@blogs.com,World of Warcraft,MALILLO
472,lhansburyd3,leaslead3@topsy.com,The Legend of Zelda,NORMAL
473,qlosebied4,bklimschakd4@npr.org,Overwatch,MALILLO
474,hjacklingd5,rshrubshalld5@yandex.ru,World of Warcraft,DIOS
475,gradenhurstd6,ipennettid6@drupal.org,Overwatch,BUENO
476,lwhifed7,lhuscroftd7@deliciousdays.com,The Legend of Zelda,DIOS
477,jclarkind8,ldyballd8@netlog.com,Super Mario Bros,DIOS
478,dviveashd9,ryuilld9@acquirethisname.com,World of Warcraft,MALILLO
479,tthamesda,gfruserda@artisteer.com,Fortnite,BUENO
480,hmcgheedb,vgrundondb@qq.com,League of Legends,MALILLO
481,cfawthropdc,rrousdc@amazonaws.com,Overwatch,REGULAR
482,gjanteldd,zreasondd@issuu.com,Call of Duty,NORMAL
483,ujeffrayde,ystanawayde@virginia.edu,Super Mario Bros,REGULAR
484,cgerwooddf,amcwhandf@aol.com,Minecraft,NORMAL
485,hknottleydg,athoresbiedg@goo.ne.jp,Minecraft,MÁQUINA
486,kpitkinsdh,sspeirdh@wired.com,World of Warcraft,DIOS
487,ccardenosadi,mduddledi@fotki.com,The Legend of Zelda,MÁQUINA
488,bcramptondj,dmyhandj@joomla.org,Minecraft,NORMAL
489,cbirdseyedk,cwhiteseldk@salon.com,Call of Duty,PAQUETE
490,tmonaghandl,hcarmodydl@tiny.cc,Overwatch,REGULAR
491,rsteinerdm,mmarlendm@opensource.org,Super Mario Bros,MALILLO
492,dduerdindn,hdellenbachdn@163.com,World of Warcraft,PAQUETE
493,amcclarendo,ogoodissondo@github.com,Fortnite,NORMAL
494,itartdp,asynnottdp@baidu.com,Fortnite,PAQUETE
495,rkilaleadq,ltysondq@intel.com,Minecraft,MALILLO
496,acalveydr,tcrossondr@archive.org,Super Mario Bros,REGULAR
497,egaigerds,hthomasonds@squarespace.com,Overwatch,DIOS
498,msamberdt,chightondt@i2i.jp,The Legend of Zelda,MÁQUINA
499,bwilemandu,kklimpkedu@typepad.com,League of Legends,PAQUETE
500,pdinsedv,sstorkdv@google.ca,Overwatch,BUENO
501,wnaisbetdw,kcrinsondw@jugem.jp,Call of Duty,MALILLO
502,erosbothamdx,oedensdx@shutterfly.com,Super Mario Bros,BUENO
503,tthorowgooddy,pscocroftdy@nature.com,Minecraft,NORMAL
504,kelnerdz,bsmoughtondz@google.com.au,Call of Duty,NORMAL
505,vkamenae0,edoorbare0@scientificamerican.com,World of Warcraft,PAQUETE
506,epeckhame1,gconellye1@jalbum.net,League of Legends,BUENO
507,jbardname2,kbeharrelle2@jimdo.com,Super Mario Bros,REGULAR
508,ikillshawe3,pslaymakere3@hp.com,Overwatch,MALILLO
509,vcarrutherse4,blissendene4@yelp.com,Overwatch,PAQUETE
510,ndimonte5,kbarenskye5@yahoo.com,Fortnite,BUENO
511,tbrindleye6,mmcindrewe6@craigslist.org,Overwatch,MALILLO
512,sjankue7,areppaporte7@ifeng.com,Super Mario Bros,NORMAL
513,iseedhousee8,ccasteline8@wiley.com,Fortnite,REGULAR
514,acarnihane9,despinolae9@economist.com,League of Legends,PAQUETE
515,dbattellea,ahallwoodea@surveymonkey.com,World of Warcraft,PAQUETE
516,rhatwellseb,rwayeb@tripadvisor.com,Minecraft,BUENO
517,efearensideec,fjevesec@home.pl,Overwatch,DIOS
518,rmeeed,jcloseed@reverbnation.com,Overwatch,MÁQUINA
519,yhadentonee,soxborrowee@dmoz.org,World of Warcraft,REGULAR
520,cedesonef,atupmanef@tmall.com,Super Mario Bros,BUENO
521,cgeydoneg,astycheg@constantcontact.com,Super Mario Bros,MÁQUINA
522,gconaghyeh,wkingseh@twitpic.com,Fortnite,NORMAL
523,dmatyuginei,wvasilovei@blog.com,World of Warcraft,DIOS
524,jsacklerej,dgerringej@shop-pro.jp,The Legend of Zelda,MALILLO
525,bnordassek,sbenionek@eepurl.com,The Legend of Zelda,REGULAR
526,mbastistiniel,starquinioel@goo.ne.jp,Minecraft,REGULAR
527,vmallaboneem,graikerem@merriam-webster.com,Minecraft,MÁQUINA
528,wosten,fpageten@umich.edu,The Legend of Zelda,MÁQUINA
529,upratereo,relfeeo@nature.com,League of Legends,DIOS
530,aosseltonep,wtordoffep@admin.ch,Call of Duty,MÁQUINA
531,dhaddackseq,aphilpoteq@skype.com,Minecraft,MÁQUINA
532,lzorner,asegebrechter@upenn.edu,Super Mario Bros,MÁQUINA
533,gthulbornes,schancellores@amazon.co.jp,World of Warcraft,MALILLO
534,afostenet,ahollyeret@usnews.com,World of Warcraft,DIOS
535,niwanickieu,skhotlereu@tumblr.com,League of Legends,MÁQUINA
536,mmilneev,iskurrayev@mozilla.org,Call of Duty,MÁQUINA
537,oruckew,sexpositoew@free.fr,Fortnite,MALILLO
538,jharsesex,ablazevicex@alexa.com,Overwatch,MALILLO
539,btattoney,bchomleyey@epa.gov,Call of Duty,MÁQUINA
540,ahannumez,mtourmellez@engadget.com,The Legend of Zelda,BUENO
541,btoombsf0,jmarchingtonf0@macromedia.com,The Legend of Zelda,DIOS
542,swandrachf1,ddoullf1@bizjournals.com,World of Warcraft,BUENO
543,cshipwayf2,ddevinnf2@senate.gov,Fortnite,DIOS
544,banneyf3,eriseboroughf3@alexa.com,The Legend of Zelda,REGULAR
545,djobkef4,zmussettinif4@tripadvisor.com,Fortnite,BUENO
546,mralphf5,hjecockf5@tinyurl.com,Call of Duty,DIOS
547,jwidmoorf6,hmorganf6@japanpost.jp,Fortnite,NORMAL
548,yjanceyf7,dlarnef7@istockphoto.com,Overwatch,PAQUETE
549,iphettef8,cskeatsf8@yolasite.com,World of Warcraft,MALILLO
550,gmcelroyf9,pprowtingf9@netlog.com,Call of Duty,PAQUETE
551,yslewcockfa,oboysefa@ning.com,Super Mario Bros,NORMAL
552,ttudgefb,twaggettfb@nasa.gov,Super Mario Bros,PAQUETE
553,ldaviesfc,vmacpeicefc@livejournal.com,World of Warcraft,MALILLO
554,sghiroldifd,ahedworthfd@samsung.com,Super Mario Bros,DIOS
555,kgerssamfe,onuttingfe@elegantthemes.com,Call of Duty,BUENO
556,mmackartanff,lrimingtonff@tripadvisor.com,Minecraft,NORMAL
557,asinnatfg,padshadfg@unesco.org,League of Legends,MÁQUINA
558,gomullanfh,mlauriefh@washingtonpost.com,League of Legends,BUENO
559,opirolinifi,abeadnallfi@psu.edu,Minecraft,NORMAL
560,dgerlackfj,ytrucefj@clickbank.net,Call of Duty,PAQUETE
561,rcumberledgefk,tdelavaletteparisotfk@craigslist.org,Call of Duty,MALILLO
562,ojoinceyfl,tgruszkafl@latimes.com,Call of Duty,BUENO
563,rlawfordfm,landricfm@skyrock.com,Overwatch,DIOS
564,mnuttyfn,dbraywoodfn@msu.edu,League of Legends,BUENO
565,mferenczyfo,cchaffeyfo@harvard.edu,Minecraft,PAQUETE
566,stibolsfp,kfearbyfp@go.com,Overwatch,MALILLO
567,myearnsfq,ddenisyevfq@cargocollective.com,Overwatch,NORMAL
568,twhittamfr,aheinzlerfr@fc2.com,League of Legends,MÁQUINA
569,bfrainfs,rwadiefs@wsj.com,Fortnite,MÁQUINA
570,qcreaneyft,hmccloidft@nba.com,Call of Duty,MALILLO
571,aburlefu,smarchfu@list-manage.com,Super Mario Bros,NORMAL
572,mpawlowiczfv,ddeerrfv@wix.com,League of Legends,MALILLO
573,dbourtoumieuxfw,mscholzfw@godaddy.com,League of Legends,BUENO
574,lregglerfx,cvayrofx@g.co,Super Mario Bros,REGULAR
575,kimosfy,lhenrionotfy@mit.edu,World of Warcraft,MÁQUINA
576,dblankleyfz,cjoburnfz@ocn.ne.jp,Overwatch,BUENO
577,qfarrearg0,jstitsong0@princeton.edu,World of Warcraft,REGULAR
578,uvasyukhing1,ltideyg1@topsy.com,League of Legends,DIOS
579,icourtmang2,lskivingtong2@reference.com,Fortnite,NORMAL
580,gcuruclisg3,rpourveerg3@dagondesign.com,Call of Duty,REGULAR
581,rginnaneg4,sbrownillg4@nytimes.com,Super Mario Bros,DIOS
582,chorleyg5,akickg5@sciencedaily.com,Overwatch,MALILLO
583,saudusg6,sdudneyg6@oakley.com,The Legend of Zelda,BUENO
584,jgoulleeg7,cevinsg7@pen.io,The Legend of Zelda,DIOS
585,mancketillg8,pnewrickg8@jigsy.com,Minecraft,PAQUETE
586,klezemoreg9,jplunkettg9@auda.org.au,Fortnite,DIOS
587,ltownsga,hwinghamga@wired.com,Minecraft,MÁQUINA
588,bshillomgb,lmaletrattgb@is.gd,Minecraft,NORMAL
589,kmcmeekangc,htabouringc@bravesites.com,Super Mario Bros,MALILLO
590,bgirardingd,lbrindleygd@tripadvisor.com,Super Mario Bros,PAQUETE
591,hsideryge,elargentge@imdb.com,Super Mario Bros,MÁQUINA
592,jtedstonegf,nmccarlegf@businessinsider.com,Minecraft,DIOS
593,mhourstongg,lborresgg@auda.org.au,League of Legends,MÁQUINA
594,mlawfordgh,kclewesgh@slashdot.org,World of Warcraft,MALILLO
595,ofrearsongi,sskerrittgi@seesaa.net,The Legend of Zelda,BUENO
596,cjeacockegj,kmussengj@cnn.com,Call of Duty,DIOS
597,tcracegk,dsnashallgk@sciencedirect.com,The Legend of Zelda,DIOS
598,tsherrumgl,kburwellgl@shareasale.com,World of Warcraft,MALILLO
599,dblanchgm,vorangm@about.com,Minecraft,MÁQUINA
600,ksnodengn,ehardypiggingn@thetimes.co.uk,Fortnite,NORMAL
601,cdanburygo,smakengo@nih.gov,Call of Duty,PAQUETE
602,mmcgourtygp,cwestwoodgp@reverbnation.com,League of Legends,NORMAL
603,rscaicegq,gcoenraetsgq@webeden.co.uk,Minecraft,MÁQUINA
604,cpotterygr,mrevingtongr@fda.gov,Fortnite,BUENO
605,lmacmickangs,bizaksgs@tripadvisor.com,World of Warcraft,PAQUETE
606,sashpitalgt,abolleygt@wikipedia.org,Super Mario Bros,REGULAR
607,dcurteisgu,rforryangu@blogspot.com,The Legend of Zelda,NORMAL
608,cslarkgv,mtrebbettgv@spiegel.de,League of Legends,MALILLO
609,jdeacockgw,jdurgangw@mlb.com,Minecraft,BUENO
610,btinkergx,vrunnaclesgx@feedburner.com,Minecraft,REGULAR
611,joxnamgy,bschankegy@wufoo.com,League of Legends,PAQUETE
612,cboschergz,rpiotrowskigz@apache.org,World of Warcraft,PAQUETE
613,mdupreeh0,kskelbeckh0@ezinearticles.com,League of Legends,MÁQUINA
614,wkiddieh1,kmarvelleyh1@imdb.com,Super Mario Bros,REGULAR
615,nmcartanh2,mveelerh2@privacy.gov.au,Minecraft,MALILLO
616,mgrigorescuh3,wmaudeh3@elegantthemes.com,Call of Duty,REGULAR
617,uslemmingh4,apeizerh4@yellowbook.com,Fortnite,NORMAL
618,jdietzh5,apoundsfordh5@home.pl,Overwatch,DIOS
619,zmanicombh6,acusickh6@umich.edu,League of Legends,BUENO
620,cbrownleeh7,gklaessenh7@chronoengine.com,Overwatch,NORMAL
621,jheareh8,komoylaneh8@diigo.com,World of Warcraft,NORMAL
622,hpowletth9,arizzielloh9@virginia.edu,League of Legends,NORMAL
623,snassiha,glamplughha@bloglovin.com,Super Mario Bros,DIOS
624,dhaytonhb,colivohb@businessweek.com,League of Legends,MALILLO
625,cjowetthc,jespinhahc@pbs.org,Fortnite,NORMAL
626,bgulliventhd,cdeeleyhd@constantcontact.com,The Legend of Zelda,REGULAR
627,afischerhe,lwoodruffhe@hubpages.com,World of Warcraft,PAQUETE
628,tdurradhf,tsinniehf@admin.ch,Minecraft,NORMAL
629,cpinillahg,mcheethamhg@utexas.edu,Overwatch,REGULAR
630,rcussonshh,glegueyhh@blog.com,Call of Duty,PAQUETE
631,mdombrellhi,rbrashi@unblog.fr,League of Legends,MÁQUINA
632,galgiehj,hzarfathj@globo.com,World of Warcraft,DIOS
633,dgaretthk,epaleshk@mozilla.com,Overwatch,NORMAL
634,lairetonhl,lquaintonhl@infoseek.co.jp,Fortnite,DIOS
635,adrummerhm,amuzzinihm@bing.com,League of Legends,BUENO
636,gcargenhn,smarmionhn@nbcnews.com,Minecraft,BUENO
637,obrianceho,ccheesemanho@constantcontact.com,Super Mario Bros,REGULAR
638,lmeagherhp,rfarrandhp@washington.edu,The Legend of Zelda,BUENO
639,ehugkhq,ilamarhq@google.co.jp,The Legend of Zelda,NORMAL
640,bcrudenhr,gkilduffhr@dion.ne.jp,Super Mario Bros,BUENO
641,abiskupskihs,calwellhs@oaic.gov.au,Super Mario Bros,PAQUETE
642,dmogridgeht,rnerneyht@pen.io,Overwatch,BUENO
643,esealhu,cdrinnanhu@prweb.com,Fortnite,PAQUETE
644,tkiosselhv,ecraigghv@webnode.com,World of Warcraft,REGULAR
645,bflackehw,cdeavenellhw@microsoft.com,Minecraft,NORMAL
646,msampsonhx,klennonhx@myspace.com,Minecraft,MALILLO
647,ndepaepehy,gdeavinhy@marketwatch.com,Overwatch,REGULAR
648,cdummetthz,aramlothz@auda.org.au,League of Legends,MALILLO
649,bdoolyi0,nbonseyi0@dot.gov,League of Legends,DIOS
650,rpurplei1,lpratoni1@abc.net.au,Super Mario Bros,PAQUETE
651,ledwicki2,scatonnei2@state.gov,World of Warcraft,MALILLO
652,sbarneti3,vspeeksi3@hp.com,Call of Duty,PAQUETE
653,wgarnalli4,bpighillsi4@nydailynews.com,Overwatch,MALILLO
654,rdellenbroki5,rstrodei5@google.co.jp,Overwatch,DIOS
655,nfarnilli6,khoffneri6@kickstarter.com,Call of Duty,MÁQUINA
656,wstearndalei7,tdorgani7@wp.com,World of Warcraft,MÁQUINA
657,cvinseni8,lvaneevi8@flavors.me,Fortnite,MALILLO
658,lgaskini9,lgerringi9@creativecommons.org,Super Mario Bros,REGULAR
659,mspykinsia,lbertinia@simplemachines.org,League of Legends,MÁQUINA
660,ureganib,fdewittib@so-net.ne.jp,League of Legends,BUENO
661,hoxshottic,cemerineic@devhub.com,League of Legends,MÁQUINA
662,cmanktelowid,ppresserid@bigcartel.com,Overwatch,DIOS
663,etrowlie,kpiffordie@joomla.org,World of Warcraft,BUENO
664,nsoutheyif,kdorianif@blog.com,Call of Duty,DIOS
665,aravilusig,shatchig@google.nl,Overwatch,PAQUETE
666,nlippattih,mkeynesih@aol.com,Fortnite,MÁQUINA
667,vchelsomii,wwingeattii@yellowpages.com,World of Warcraft,REGULAR
668,jabeauij,lporkerij@jimdo.com,World of Warcraft,NORMAL
669,csheberik,msollimeik@mac.com,Overwatch,MÁQUINA
670,awaliszekil,pnundil@eventbrite.com,Overwatch,PAQUETE
671,jrawlingsonim,jrustedgeim@jimdo.com,World of Warcraft,MÁQUINA
672,csalergin,speabodyin@icio.us,World of Warcraft,NORMAL
673,gwindressio,llangrishio@nyu.edu,Call of Duty,PAQUETE
674,pcastaignetip,rcroyip@un.org,The Legend of Zelda,REGULAR
675,amacgaughieiq,glockhurstiq@github.io,Minecraft,NORMAL
676,sdeambrosisir,bhostenir@youtube.com,League of Legends,NORMAL
677,smcdellis,emerrillis@blogs.com,World of Warcraft,REGULAR
678,pcheyneyit,sprudhamit@google.ca,Call of Duty,DIOS
679,sfillimoreiu,kmecoiu@reference.com,Fortnite,REGULAR
680,hhalbeardiv,dolifauntiv@github.com,League of Legends,BUENO
681,cjefferdiw,bfaucettiw@wikispaces.com,World of Warcraft,PAQUETE
682,rfreemanix,khellingix@ning.com,League of Legends,PAQUETE
683,mgraalmaniy,teakleeiy@accuweather.com,World of Warcraft,MÁQUINA
684,acheckliniz,rbrissetiz@imdb.com,League of Legends,PAQUETE
685,ibrownettj0,rmerrienj0@google.cn,World of Warcraft,MÁQUINA
686,dcowej1,rkernockj1@chicagotribune.com,Minecraft,BUENO
687,rkinnettj2,kviviansj2@chron.com,The Legend of Zelda,BUENO
688,mmaillardj3,areamej3@moonfruit.com,Super Mario Bros,MÁQUINA
689,knowlandj4,dbandtj4@alibaba.com,Minecraft,MALILLO
690,jblaisdellj5,dspataroj5@icq.com,The Legend of Zelda,MALILLO
691,cvaynej6,gtommisj6@pen.io,Fortnite,MÁQUINA
692,rwallickerj7,vhateleyj7@boston.com,Fortnite,BUENO
693,bfieldingj8,pisetonj8@netlog.com,Super Mario Bros,PAQUETE
694,bchattertonj9,mminilloj9@vistaprint.com,Overwatch,NORMAL
695,flecointeja,gmausja@php.net,Fortnite,REGULAR
696,hcardinalejb,mbirkenheadjb@1und1.de,The Legend of Zelda,REGULAR
697,cesposijc,cconfortjc@omniture.com,Overwatch,PAQUETE
698,nbathjd,csteggalsjd@wunderground.com,Call of Duty,MÁQUINA
699,rbaudtsje,rtrokeje@dailymail.co.uk,Overwatch,MÁQUINA
700,pgreigjf,atroyesjf@google.ca,Super Mario Bros,MALILLO
701,astodhartjg,bhandyjg@spiegel.de,Fortnite,BUENO
702,aianillijh,jhavilejh@friendfeed.com,Fortnite,MÁQUINA
703,fluffmanji,hraineji@soundcloud.com,Super Mario Bros,NORMAL
704,esmothjj,mtschiersejj@360.cn,The Legend of Zelda,REGULAR
705,dscogginjk,tperrinsjk@mayoclinic.com,Super Mario Bros,DIOS
706,htuxilljl,jfrizelljl@ocn.ne.jp,Minecraft,PAQUETE
707,ltatchelljm,cgorrickjm@dell.com,Overwatch,BUENO
708,wbartalettijn,hmouattjn@globo.com,World of Warcraft,MÁQUINA
709,jboatswainjo,dackhurstjo@redcross.org,World of Warcraft,REGULAR
710,gmacvainjp,jhovyjp@google.ca,League of Legends,PAQUETE
711,lgeorgesonjq,hianinottijq@domainmarket.com,Fortnite,MALILLO
712,bdonnejr,lapperleyjr@salon.com,Minecraft,NORMAL
713,pclemenconjs,crosinijs@bbb.org,Call of Duty,MALILLO
714,rbertrandjt,nclewsjt@cnn.com,Minecraft,DIOS
715,hscoullarju,bdedmamju@usa.gov,Minecraft,DIOS
716,mtoolanjv,kwallworthjv@cnet.com,The Legend of Zelda,DIOS
717,dsmelleyjw,gbrennonjw@elegantthemes.com,World of Warcraft,PAQUETE
718,lgodwinjx,jzottolijx@canalblog.com,Overwatch,BUENO
719,cdobbisonjy,jbramalljy@jigsy.com,Fortnite,BUENO
720,alarcierjz,aborgnejz@wiley.com,Super Mario Bros,PAQUETE
721,lgerishk0,dsplevingk0@uol.com.br,Call of Duty,PAQUETE
722,spiddingtonk1,edurmank1@flavors.me,Minecraft,NORMAL
723,mspontonk2,cszymanzykk2@pen.io,Overwatch,MALILLO
724,bsundink3,mridek3@tinyurl.com,Overwatch,DIOS
725,mtiesmank4,qrihanekk4@boston.com,The Legend of Zelda,NORMAL
726,orennockk5,wtomasekk5@hatena.ne.jp,Call of Duty,REGULAR
727,mtremathickk6,mgirauldk6@samsung.com,Call of Duty,PAQUETE
728,gmollattk7,edeblasik7@tiny.cc,World of Warcraft,NORMAL
729,trossink8,rbridglandk8@unblog.fr,Overwatch,NORMAL
730,sbriscok9,dplaschkek9@exblog.jp,Call of Duty,MALILLO
731,aspekeka,ginkpinka@oaic.gov.au,Minecraft,NORMAL
732,ghanscomekb,dlornsenkb@yelp.com,Call of Duty,BUENO
733,vbritziuskc,battrillkc@state.tx.us,League of Legends,DIOS
734,gvanbaarenkd,rbittlestonekd@columbia.edu,League of Legends,MALILLO
735,jhuscroftke,jbestwerthickke@1688.com,The Legend of Zelda,NORMAL
736,tcorneljeskf,smacandreiskf@is.gd,Minecraft,DIOS
737,gspeakekg,dnundkg@apache.org,The Legend of Zelda,REGULAR
738,loxterbykh,tmoliankh@vimeo.com,World of Warcraft,DIOS
739,bbrunaki,lmatieuki@angelfire.com,League of Legends,MALILLO
740,fhewellkj,zlaukj@soup.io,Call of Duty,PAQUETE
741,mcorzorkk,psimpolekk@ucoz.ru,The Legend of Zelda,MÁQUINA
742,pgymblettkl,lrechertkl@seesaa.net,The Legend of Zelda,MÁQUINA
743,gpawelkekm,agriffoenkm@nbcnews.com,Overwatch,PAQUETE
744,anorsisterkn,lseerkn@imdb.com,Minecraft,DIOS
745,lsimmsko,aweedonko@exblog.jp,Super Mario Bros,MÁQUINA
746,aconnickkp,sfairweatherkp@usnews.com,Call of Duty,BUENO
747,bcottrellkq,dhelsbykq@sun.com,The Legend of Zelda,REGULAR
748,jmaccaigkr,awittskr@clickbank.net,Minecraft,MÁQUINA
749,gleportks,sbaxstarks@behance.net,Overwatch,PAQUETE
750,twysomekt,odunningkt@youtube.com,Minecraft,BUENO
751,saldayku,gebertzku@cnet.com,The Legend of Zelda,PAQUETE
752,rstennetkv,cagentkv@about.com,Call of Duty,MALILLO
753,cvauxkw,rbartoszewiczkw@constantcontact.com,Minecraft,MÁQUINA
754,alydsterkx,mpippingkx@reverbnation.com,Super Mario Bros,PAQUETE
755,ssaltsbergky,jborrottky@sourceforge.net,Overwatch,REGULAR
756,wivanyukovkz,zshawkz@woothemes.com,Call of Duty,PAQUETE
757,hgrainl0,ahedditchl0@irs.gov,The Legend of Zelda,REGULAR
758,cburchessl1,gheinlel1@xrea.com,World of Warcraft,REGULAR
759,afidelel2,acristofaninil2@state.gov,Call of Duty,MALILLO
760,gkhomichl3,gtatlowl3@loc.gov,World of Warcraft,MALILLO
761,jwissbeyl4,dcomettol4@constantcontact.com,Minecraft,MALILLO
762,hgoodluckl5,scainl5@blog.com,Minecraft,PAQUETE
763,baldinsl6,ckimmincel6@biblegateway.com,Minecraft,DIOS
764,cstonebanksl7,fhamlynl7@vk.com,Fortnite,BUENO
765,lmashl8,rchingel8@house.gov,World of Warcraft,BUENO
766,bcaverhilll9,mmarlerl9@state.tx.us,League of Legends,MÁQUINA
767,ktoolinla,prominovla@usgs.gov,League of Legends,REGULAR
768,fdawslb,rbriarslb@imgur.com,Overwatch,MÁQUINA
769,lseidelc,jkachelerlc@census.gov,Call of Duty,PAQUETE
770,bmactrustamld,pbaxstairld@dion.ne.jp,World of Warcraft,NORMAL
771,enatonle,ghuccabyle@typepad.com,Overwatch,BUENO
772,gpoorelf,hleathwoodlf@i2i.jp,Overwatch,MALILLO
773,kwohlerlg,chunnamlg@comcast.net,Overwatch,MÁQUINA
774,jburchettlh,mmckeeverlh@google.pl,Overwatch,MÁQUINA
775,grittmeyerli,kvequaudli@wikipedia.org,The Legend of Zelda,DIOS
776,cbleazardlj,sdunnlj@e-recht24.de,Call of Duty,REGULAR
777,flycettlk,gsalleirlk@earthlink.net,Overwatch,BUENO
778,ibedlell,vsimmonettll@oakley.com,Super Mario Bros,BUENO
779,skuhntlm,cawinlm@xinhuanet.com,World of Warcraft,BUENO
780,fewenln,mbenduhnln@shop-pro.jp,Overwatch,DIOS
781,jgontierlo,mitterlo@eventbrite.com,Super Mario Bros,MALILLO
782,alancettlp,slegginglp@nymag.com,Minecraft,BUENO
783,jjessettlq,hwarrickerlq@reference.com,The Legend of Zelda,PAQUETE
784,kyurinovlr,sgilchrestlr@artisteer.com,Call of Duty,NORMAL
785,sgodingls,rtheodorels@jigsy.com,Fortnite,PAQUETE
786,cblundinlt,carrigolt@last.fm,World of Warcraft,MÁQUINA
787,lpascalllu,bbaulu@cnbc.com,World of Warcraft,NORMAL
788,sduferlv,fgorriessenlv@cornell.edu,League of Legends,REGULAR
789,oramelotlw,rtutherlw@weebly.com,The Legend of Zelda,MALILLO
790,gjordinlx,abenningtonlx@vinaora.com,Overwatch,NORMAL
791,bfriesly,kbiggamly@gov.uk,Super Mario Bros,MÁQUINA
792,scarletlz,balebrookelz@livejournal.com,Super Mario Bros,MÁQUINA
793,cerrichellim0,jwaddiem0@angelfire.com,Super Mario Bros,MALILLO
794,clanphierm1,vperrinsm1@sfgate.com,Minecraft,REGULAR
795,browburym2,jwithropm2@bravesites.com,Overwatch,PAQUETE
796,tleggingm3,jamthorm3@google.com.br,Call of Duty,PAQUETE
797,aklessem4,ylewteym4@e-recht24.de,Fortnite,MÁQUINA
798,idebenedittim5,wjarrettem5@businessinsider.com,World of Warcraft,REGULAR
799,lbarterm6,ssimmillm6@walmart.com,Super Mario Bros,MÁQUINA
800,fbattiem7,mclarkm7@marriott.com,Fortnite,REGULAR
801,jorrickm8,skubum8@vinaora.com,Super Mario Bros,PAQUETE
802,menzleym9,mcrossdalem9@tmall.com,World of Warcraft,PAQUETE
803,zmcgilvrayma,jpevsnerma@over-blog.com,World of Warcraft,BUENO
804,mmorrattmb,sbelitzmb@sciencedaily.com,Minecraft,MÁQUINA
805,dvangomc,iclausewitzmc@1und1.de,Overwatch,NORMAL
806,gcumberlidgemd,qcoglemd@mashable.com,League of Legends,DIOS
807,mpalinme,pshoebothamme@sogou.com,The Legend of Zelda,PAQUETE
808,mnobrigamf,epordallmf@about.me,Overwatch,NORMAL
809,pbullasmg,cclemensenmg@imageshack.us,League of Legends,MÁQUINA
810,hiddensmh,mdeacockmh@illinois.edu,World of Warcraft,DIOS
811,vrayworthmi,okitemi@purevolume.com,Call of Duty,BUENO
812,lpeakmj,tmcbreartymj@gnu.org,The Legend of Zelda,MÁQUINA
813,cgodridgemk,shallgatemk@yahoo.com,Call of Duty,NORMAL
814,ebirkbyml,jransomml@google.fr,Fortnite,PAQUETE
815,emcgillecolemm,lfrankesmm@soundcloud.com,Fortnite,MALILLO
816,oklessemn,blacroixmn@altervista.org,The Legend of Zelda,NORMAL
817,clapennamo,cmcenenymo@webnode.com,Call of Duty,DIOS
818,aleachmanmp,nvolkemp@wired.com,Fortnite,REGULAR
819,gblachfordmq,tcoslettmq@ucsd.edu,Minecraft,BUENO
820,ctrengrovemr,tchasneymr@bing.com,Call of Duty,MÁQUINA
821,dminchintonms,ssikorskims@moonfruit.com,League of Legends,REGULAR
822,malliotmt,wcopcottmt@delicious.com,Overwatch,NORMAL
823,jlyvenmu,pgrindallmu@thetimes.co.uk,League of Legends,DIOS
824,csturdymv,dleevesmv@blogtalkradio.com,Super Mario Bros,NORMAL
825,icherriemw,ashelbournemw@hao123.com,The Legend of Zelda,PAQUETE
826,cbesnardmx,tirwinmx@ihg.com,League of Legends,DIOS
827,bhembrowmy,klarganmy@slideshare.net,Call of Duty,BUENO
828,mbeushawmz,mvigiettimz@free.fr,League of Legends,PAQUETE
829,vmoffattn0,nmelchiorn0@dot.gov,World of Warcraft,MÁQUINA
830,ecornsn1,ddeeblen1@diigo.com,Call of Duty,BUENO
831,mblindern2,pbeacockn2@si.edu,League of Legends,BUENO
832,fmerrydewn3,afalln3@google.co.jp,The Legend of Zelda,REGULAR
833,kcarryern4,twaghornn4@yellowpages.com,Overwatch,BUENO
834,omeldingn5,jritzmann5@technorati.com,Minecraft,MALILLO
835,thalahann6,riacobon6@samsung.com,World of Warcraft,DIOS
836,cgierathsn7,sbirdsalln7@sakura.ne.jp,Fortnite,DIOS
837,hhalln8,plinskeyn8@mapy.cz,Minecraft,DIOS
838,tridpathn9,llagon9@oaic.gov.au,League of Legends,MÁQUINA
839,ghowatna,sivanaevna@umn.edu,World of Warcraft,PAQUETE
840,fhaltnb,ltittertonnb@rediff.com,Super Mario Bros,MALILLO
841,mostrichnc,lkunradnc@liveinternet.ru,Call of Duty,NORMAL
842,zluttynd,clintsnd@sbwire.com,League of Legends,PAQUETE
843,sslocketne,mwoltonne@nps.gov,Overwatch,DIOS
844,ddrackfordnf,npidducknf@scribd.com,Overwatch,MÁQUINA
845,jdymokeng,udomenichelling@diigo.com,World of Warcraft,NORMAL
846,dwynrahamenh,eoskehannh@yolasite.com,Overwatch,DIOS
847,nhardikerni,ppethrickni@stanford.edu,World of Warcraft,PAQUETE
848,sjorcknj,dworboysnj@ucsd.edu,Fortnite,MÁQUINA
849,qharralnk,rwilmutnk@techcrunch.com,Minecraft,DIOS
850,aharwoodnl,jboageynl@youku.com,World of Warcraft,BUENO
851,ispensnm,tflorinm@addtoany.com,Minecraft,REGULAR
852,sprattonnn,tshanleynn@topsy.com,Fortnite,BUENO
853,nbasshamno,mbowlesno@amazon.de,World of Warcraft,MALILLO
854,lhardernp,ehauxbynp@yale.edu,The Legend of Zelda,DIOS
855,amacdearmontnq,ebroadeynq@skyrock.com,Super Mario Bros,PAQUETE
856,smoffattnr,lninnisnr@netvibes.com,Call of Duty,DIOS
857,opickinns,fbigbyns@squarespace.com,Overwatch,DIOS
858,jjohananoffnt,mfilipovnt@prnewswire.com,Call of Duty,NORMAL
859,lweddupnu,cbuckseynu@sakura.ne.jp,Call of Duty,MÁQUINA
860,rmallocknv,chardwarenv@youtu.be,World of Warcraft,PAQUETE
861,ldacombenw,alowdwellnw@google.de,Super Mario Bros,MALILLO
862,hwasmernx,jwoodsnx@illinois.edu,Overwatch,DIOS
863,bplumbny,tcrosenny@cbc.ca,Super Mario Bros,REGULAR
864,mhanburybrownnz,adinsmorenz@tripod.com,Call of Duty,BUENO
865,epiffordo0,aanelayo0@wikia.com,Minecraft,MÁQUINA
866,awateridgeo1,sgorgero1@examiner.com,Fortnite,MALILLO
867,jwonforo2,rpalisero2@irs.gov,The Legend of Zelda,REGULAR
868,bwarmingtono3,mgatteridgeo3@youku.com,The Legend of Zelda,MALILLO
869,amarriano4,hgladdeno4@t-online.de,Fortnite,BUENO
870,oliveseyo5,glemono5@sohu.com,League of Legends,PAQUETE
871,mbampkino6,mavrahamofo6@samsung.com,Fortnite,MÁQUINA
872,acousino7,crobathamo7@ebay.com,Super Mario Bros,PAQUETE
873,rjephcotto8,hcromwello8@desdev.cn,Minecraft,REGULAR
874,jchieneo9,rlardnaro9@facebook.com,Fortnite,MALILLO
875,bfockesoa,sdoughartyoa@examiner.com,Super Mario Bros,REGULAR
876,alocksob,craittob@wordpress.org,The Legend of Zelda,DIOS
877,etrembeyoc,pbladesmithoc@hc360.com,Call of Duty,BUENO
878,dsoutenod,crehnod@bizjournals.com,Fortnite,REGULAR
879,dsarveroe,cdmitroe@twitter.com,Overwatch,NORMAL
880,ksimakovof,olucianof@wp.com,Super Mario Bros,DIOS
881,csuerzog,gtrousdaleog@furl.net,Fortnite,DIOS
882,pwillersonoh,dhillittoh@1688.com,World of Warcraft,MÁQUINA
883,berrettoi,erosenthaloi@naver.com,League of Legends,REGULAR
884,seckleyoj,sfischeroj@zdnet.com,Overwatch,BUENO
885,lmccarterok,eharradineok@weather.com,League of Legends,BUENO
886,dbendikol,ccharkol@youku.com,Overwatch,BUENO
887,rbatrickom,jbiltonom@mlb.com,League of Legends,NORMAL
888,jtomlinsonon,dpeggramon@dagondesign.com,Overwatch,MÁQUINA
889,brothoo,cabryoo@craigslist.org,Super Mario Bros,DIOS
890,ohannanop,mbentonop@stumbleupon.com,Call of Duty,NORMAL
891,prosenshineoq,aleeburneoq@java.com,Fortnite,MÁQUINA
892,smarloweor,jmathiassenor@reference.com,Call of Duty,NORMAL
893,rspellardos,mdelongos@omniture.com,Call of Duty,MALILLO
894,hmatussevichot,lrobinetot@furl.net,The Legend of Zelda,REGULAR
895,tfiddimanou,gmilnesou@icq.com,Super Mario Bros,PAQUETE
896,tferreyov,grucklidgeov@pcworld.com,The Legend of Zelda,MÁQUINA
897,emeoow,bspelmanow@uol.com.br,Call of Duty,NORMAL
898,ldeeleyox,jpidlerox@t-online.de,World of Warcraft,NORMAL
899,jrobicoy,bfernanandooy@dion.ne.jp,League of Legends,PAQUETE
900,iphizackleaoz,vlockneyoz@arstechnica.com,Minecraft,BUENO
901,kjamiesonp0,cclellandp0@oakley.com,Fortnite,MALILLO
902,ksauntp1,asherrardp1@unesco.org,Overwatch,REGULAR
903,dkannp2,gbowlesworthp2@blog.com,Minecraft,DIOS
904,oahrenp3,fisaacsp3@domainmarket.com,The Legend of Zelda,NORMAL
905,kelseyp4,mtithacottp4@opera.com,The Legend of Zelda,MALILLO
906,breillyp5,tdavissonp5@hubpages.com,World of Warcraft,DIOS
907,ogillettp6,baccombep6@ocn.ne.jp,Super Mario Bros,MALILLO
908,mhubbersteyp7,vreysonp7@cbslocal.com,League of Legends,MALILLO
909,ccrosslandp8,balejop8@yahoo.com,League of Legends,DIOS
910,omartinhop9,jdonlonp9@discuz.net,Overwatch,BUENO
911,svoicepa,ssurcombpa@theglobeandmail.com,League of Legends,MALILLO
912,ralexandroupb,agutersonpb@apple.com,Call of Duty,PAQUETE
913,rkensetpc,pzohrerpc@squidoo.com,Fortnite,MALILLO
914,ehallstonepd,prozsapd@indiegogo.com,World of Warcraft,PAQUETE
915,amassiepe,mcurseype@acquirethisname.com,Overwatch,MÁQUINA
916,ddalzellpf,ihonackerpf@com.com,Super Mario Bros,DIOS
917,wmaffiapg,mclaybournepg@naver.com,The Legend of Zelda,PAQUETE
918,fbrettonph,mllewelynph@alibaba.com,Super Mario Bros,DIOS
919,mmazilliuspi,efawlteypi@about.me,Minecraft,NORMAL
920,dnequestpj,nproverpj@narod.ru,World of Warcraft,MALILLO
921,jadelpk,dlittletonpk@sina.com.cn,Minecraft,NORMAL
922,rlauriepl,nceelypl@google.nl,Minecraft,REGULAR
923,sluscottpm,amottleypm@myspace.com,Call of Duty,PAQUETE
924,csainsburypn,slaffertypn@g.co,Fortnite,NORMAL
925,dearnshawpo,prysonpo@pcworld.com,Super Mario Bros,REGULAR
926,gstuchburypp,bbuerpp@google.ru,Overwatch,DIOS
927,mcowuppq,ademicolipq@odnoklassniki.ru,Call of Duty,MÁQUINA
928,ebreenpr,csobczakpr@symantec.com,World of Warcraft,BUENO
929,bbowlingps,rkivlinps@icq.com,Fortnite,REGULAR
930,frucklessept,rcartmaelpt@epa.gov,Call of Duty,DIOS
931,mmcboylepu,rsprowlepu@gnu.org,Minecraft,REGULAR
932,bseadonpv,stuminipv@bandcamp.com,League of Legends,BUENO
933,vflawnpw,hcrevypw@sogou.com,Overwatch,MÁQUINA
934,rsanzpx,lbeedhampx@webeden.co.uk,Fortnite,BUENO
935,elorainpy,acouparpy@google.fr,World of Warcraft,NORMAL
936,ameiklepz,taceypz@stumbleupon.com,Overwatch,REGULAR
937,gworlingq0,amatteacciq0@blogs.com,League of Legends,PAQUETE
938,bdowningq1,jdwyrq1@sakura.ne.jp,World of Warcraft,REGULAR
939,vroisenq2,meakeleyq2@bandcamp.com,World of Warcraft,PAQUETE
940,odixonq3,labramamovhq3@epa.gov,Call of Duty,NORMAL
941,pespineq4,ekilmurryq4@desdev.cn,World of Warcraft,REGULAR
942,jswatlandq5,jrehnq5@google.pl,Super Mario Bros,REGULAR
943,wkarolewskiq6,hwolfitq6@jalbum.net,Minecraft,MÁQUINA
944,kmyrkusq7,zhevnerq7@geocities.com,Call of Duty,REGULAR
945,mpawelsq8,mpetrosianq8@cnbc.com,Fortnite,NORMAL
946,dantonssonq9,srivalq9@accuweather.com,Overwatch,BUENO
947,agreengrassqa,gridpathqa@admin.ch,Fortnite,NORMAL
948,bkhristyukhinqb,drubieqb@dailymail.co.uk,League of Legends,DIOS
949,glidstoneqc,elamberthqc@123-reg.co.uk,Minecraft,MÁQUINA
950,rdomicoqd,rvasilchenkoqd@china.com.cn,Super Mario Bros,MÁQUINA
951,btipplerqe,mdowsettqe@usa.gov,The Legend of Zelda,BUENO
952,lbulfitqf,wsharpinqf@ning.com,The Legend of Zelda,DIOS
953,lvandalenqg,ncrysellqg@businessweek.com,League of Legends,NORMAL
954,osutherbyqh,msignoretqh@ovh.net,Fortnite,BUENO
955,sargentqi,lwisemanqi@goo.gl,Super Mario Bros,DIOS
956,mjenessqj,zporttqj@tumblr.com,World of Warcraft,MÁQUINA
957,scronkqk,ddiruggieroqk@theguardian.com,The Legend of Zelda,MÁQUINA
958,cmaccrachenql,ihrachovecql@dropbox.com,The Legend of Zelda,MÁQUINA
959,anewallqm,hfilyushkinqm@google.de,Overwatch,MALILLO
960,ghouriganqn,phubbuckeqn@nyu.edu,League of Legends,REGULAR
961,cackeryqo,mdanielovitchqo@360.cn,Call of Duty,NORMAL
962,orashleighqp,bcorderoqp@gizmodo.com,League of Legends,PAQUETE
963,kshatliffqq,vjoesburyqq@usa.gov,Minecraft,DIOS
964,aantonnikovqr,rdeinhardqr@google.com.hk,Overwatch,MALILLO
965,hmacraeqs,kbalshenqs@vk.com,World of Warcraft,REGULAR
966,cwalliceqt,aropckeqt@cloudflare.com,Super Mario Bros,REGULAR
967,itschiraschequ,rkaplinqu@stumbleupon.com,The Legend of Zelda,NORMAL
968,centresqv,abouldqv@furl.net,The Legend of Zelda,PAQUETE
969,rlimbourneqw,wvacherqw@domainmarket.com,Minecraft,BUENO
970,sduthieqx,candreiqx@google.ca,Minecraft,MÁQUINA
971,toatleyqy,amccrostieqy@auda.org.au,Fortnite,NORMAL
972,hilettqz,tpetrozziqz@free.fr,Minecraft,REGULAR
973,aschwantr0,mwagstaffr0@princeton.edu,Overwatch,DIOS
974,adelahuntyr1,pshaperor1@samsung.com,Minecraft,MÁQUINA
975,rraccior2,nhousbyr2@gnu.org,World of Warcraft,BUENO
976,rahreniusr3,akemer3@php.net,League of Legends,DIOS
977,sdoaler4,ipaular4@nhs.uk,The Legend of Zelda,DIOS
978,smanssuerr5,fromerilr5@ezinearticles.com,The Legend of Zelda,MALILLO
979,csirrr6,erober6@xing.com,Super Mario Bros,BUENO
980,djezardr7,ublondenr7@is.gd,League of Legends,MALILLO
981,mkarolyir8,bondrakr8@clickbank.net,Fortnite,MÁQUINA
982,hbrighteyr9,cjanuarystr9@exblog.jp,League of Legends,REGULAR
983,ocoughlanra,bwillmentra@google.ru,The Legend of Zelda,MÁQUINA
984,gmccomberb,gfellosrb@auda.org.au,Call of Duty,BUENO
985,bsavagerc,aeichelerrc@istockphoto.com,Overwatch,MÁQUINA
986,btrundlerd,tattwaterrd@printfriendly.com,Fortnite,DIOS
987,ebatteyre,shellerre@amazon.com,Fortnite,PAQUETE
988,eandertonrf,adashrf@narod.ru,The Legend of Zelda,DIOS
989,awoolensrg,cbriskeyrg@buzzfeed.com,League of Legends,NORMAL
990,abellengerrh,bborrottrh@scribd.com,World of Warcraft,NORMAL
991,kmaulkinri,gkastingri@sitemeter.com,The Legend of Zelda,MALILLO
992,eklementzrj,bbeasleighrj@360.cn,Call of Duty,DIOS
993,hsurgoodrk,kmargeryrk@fema.gov,Fortnite,MALILLO
994,lbuttingrl,clangsburyrl@studiopress.com,World of Warcraft,REGULAR
995,kdulantyrm,ghubboldrm@tamu.edu,League of Legends,PAQUETE
996,kacasterrn,bwrigglesworthrn@addthis.com,Call of Duty,MALILLO
997,dpoonro,trapero@ucoz.com,Fortnite,BUENO
998,cwhileyrp,wdawneyrp@bloglines.com,Minecraft,MÁQUINA
999,mcowlinrq,rportrissrq@people.com.cn,Super Mario Bros,MÁQUINA
1000,rgarrickrr,brobesonrr@pinterest.com,Overwatch,DIOS
